{"original_text": {"tfidf": {"word": ["the", "of", "and", "in", "to", "for", "et", "al", "on", "species", "with", "by", "that", "is", "from", "as", "we", "10", "are", "were"], "tfidf": [0.5458959867272669, 0.44134875864524614, 0.399151570384561, 0.27251014467129386, 0.19660672638983168, 0.12036783255004847, 0.11316605715367417, 0.10850331906302002, 0.0858727083998939, 0.08293184193914693, 0.07442324810316979, 0.07137616131725544, 0.06872774027347288, 0.06857618500705406, 0.061370049217045225, 0.05894591939208656, 0.058945487743819774, 0.056027088064104016, 0.05206625058319775, 0.05161844247201796]}, "pos": {"NNP": 2308590, "NN": 1951482, "IN": 1205034, ",": 1156773, "JJ": 1078562, "NNS": 843654, "DT": 722862, ".": 680725, "CD": 667025, "CC": 461348, ")": 373542, "(": 371256, "RB": 297088, "VBN": 244088, ":": 217708, "VBD": 205038, "VB": 175618, "VBG": 174107, "TO": 156768, "VBZ": 139772}}, "reconstructed_text": {"tfidf": {"word": ["the", "of", "and", "in", "to", "et", "for", "al", "species", "on", "with", "that", "is", "by", "we", "as", "from", "were", "are", "was"], "tfidf": [0.5714046493232696, 0.41412082029268305, 0.3751240077266964, 0.26003437015558156, 0.2147375225508895, 0.12426960972153556, 0.12212400610244978, 0.11905912239387537, 0.08675638559755923, 0.08491217607948383, 0.08189346724448471, 0.08022943935492184, 0.07690246920971232, 0.07536761057637126, 0.06928494200833828, 0.06611844793784129, 0.06350973916416583, 0.0605601831105662, 0.05718999492412212, 0.05636168548098193]}, "pos": {"NN": 1567324, "NNP": 1302168, "IN": 1021500, "JJ": 878574, "NNS": 707585, "DT": 640383, ",": 628323, "CD": 435351, ".": 393733, "CC": 350091, "RB": 284815, ")": 282067, "(": 280215, "VBN": 227421, "VBD": 195148, "VB": 160847, "VBG": 148193, ":": 146757, "TO": 143495, "VBZ": 125924}}, "bow_text": {"tfidf": {"word": ["specie", "population", "model", "effect", "plant", "individual", "community", "data", "trait", "site", "female", "temperature", "rate", "time", "change", "number", "genetic", "size", "habitat", "diversity"], "tfidf": [0.21765663004165475, 0.10876739848697249, 0.10028654217591808, 0.09490302154249061, 0.09445097890843032, 0.08049180722675457, 0.07881904156696208, 0.07818456734049051, 0.07113805717847636, 0.06843605661890154, 0.06356979238319281, 0.0615161838207974, 0.057684808311081824, 0.057126313919781575, 0.05663790596590185, 0.05652515255878696, 0.055188828223580254, 0.053934647805034076, 0.05393120928255785, 0.053680695904868014]}, "pos": {"NN": 2330978, "JJ": 969515, "VBD": 211361, "RB": 166998, "VBG": 158097, "VBN": 110952, "NNS": 96387, "VBP": 94679, "IN": 81200, "VB": 35909, "VBZ": 35405, "JJR": 27386, "JJS": 21083, "CD": 19189, "MD": 18039, "NNP": 16990, "RBR": 11877, "FW": 8581, "DT": 3662, "CC": 3248}}}