Node,Closeness_centrality,First Author Score,Team Score,Last Author Score
"('GBIF:3', 'Bacteria')",1.0,0.23333333333333334,-0.2906539987789988,-0.5166666666666667
"('GBIF:1', 'Animalia')",0.8571428571428571,-0.07482993197278912,-0.2971989672179973,-0.44013605442176873
"('GBIF:6', 'Plantae')",0.8571428571428571,-0.08037578288100208,-0.2687440713915665,-0.3455114822546973
"('GBIF:4', 'Chromista')",0.8571428571428571,-0.10227272727272728,-0.2831986036864564,-0.4318181818181818
"('GBIF:5', 'Fungi')",0.75,0.045454545454545456,-0.22104363439590713,-0.2840909090909091
"('GBIF:7', 'Protozoa')",0.75,0.2,-0.30428571428571427,-1.0
"('GBIF:0', 'incertae sedis')",0.5454545454545454,1.0,0.2,0.0
